Red Alert 1|Red Alert 2|Red Alert 3|Red Alert 4|Red Alert 5|Red Alert 6|Red Alert 7|Red Alert 8|Red Alert 9|Red Alert 10|Red Alert 11|Red Alert 12|Red Alert 13|Red Alert 14|Red Alert 15|Red Alert 16|Red Alert 17|Red Alert 18|Red Alert 19|Red Alert 20|＠
Red Alert 21|Red Alert 22|Red Alert 23|Red Alert 24|Red Alert 25|Red Alert 26|Red Alert 27|Red Alert 28|Red Alert 29|Red Alert 30|Red Alert 31|Red Alert 32|Red Alert 33|Red Alert 34|Red Alert 35|Red Alert 36|Red Alert 37|Red Alert 38|Red Alert 39|Red Alert 40|＠
Red Alert 41|Red Alert 42|Red Alert 43|Red Alert 44|Red Alert 45|Red Alert 46|Red Alert 47|Red Alert 48|Red Alert 49|Red Alert 50|Red Alert 51|Red Alert 52|Red Alert 53|Red Alert 54|Red Alert 55|Red Alert 56|Red Alert 57|Red Alert 58|Red Alert 59|Red Alert 60|＠
Rampage Lv1|Rampage Lv2|Rampage Lv3|Rampage Lv4|Rampage Lv5|Rampage Lv6|Rampage Lv7|Rampage Lv8|Rampage Lv9|Rampage Lv10|Rampage Lv11|Rampage Lv12|Rampage Lv13|Rampage Lv14|Rampage Lv15|Rampage Lv16|Rampage Lv17|Rampage Lv18|Rampage Lv19|Rampage Lv20|＠
Rampage Lv21|Rampage Lv22|Rampage Lv23|Rampage Lv24|Rampage Lv25|Rampage Lv26|Rampage Lv27|Rampage Lv28|Rampage Lv29|Rampage Lv30|Rampage Lv31|Rampage Lv32|Rampage Lv33|Rampage Lv34|Rampage Lv35|Rampage Lv36|Rampage Lv37|Rampage Lv38|Rampage Lv39|Rampage Lv40|＠
Rampage Lv41|Rampage Lv42|Rampage Lv43|Rampage Lv44|Rampage Lv45|Rampage Lv46|Rampage Lv47|Rampage Lv48|Rampage Lv49|Rampage Lv50|Rampage Lv51|Rampage Lv52|Rampage Lv53|Rampage Lv54|Rampage Lv55|Rampage Lv56|Rampage Lv57|Rampage Lv58|Rampage Lv59|Rampage Lv60|＠
